[
  {
    "date": "22.01.2021",
    "ort": "Heidelberg",
    "CO": 1,
    "NO2": 6,
    "C2H5OH": 4,
    "H2": 12,
    "NH3": 11,
    "CH4": 11,
    "C3H8": 47,
    "C4H10": 25,
    "LPG": 2,
    "GPL": 9,
    "UVA": 2,
    "UVB": 10,
    "%": 64,
    "TEMP": 31
  },
  {
    "date": "23.01.2021",
    "ort": "Weinheim",
    "CO": 6,
    "NO2": 7,
    "C2H5OH": 3,
    "H2": 13,
    "NH3": 17,
    "CH4": 15,
    "C3H8": 49,
    "C4H10": 27,
    "LPG": 8,
    "GPL": 7,
    "UVA": 10,
    "UVB": 5,
    "%": 26,
    "TEMP": 30
  },
  {
    "date": "24.01.2021",
    "ort": "Weinheim",
    "CO": 5,
    "NO2": 6,
    "C2H5OH": 2,
    "H2": 5,
    "NH3": 13,
    "CH4": 15,
    "C3H8": 50,
    "C4H10": 29,
    "LPG": 3,
    "GPL": 2,
    "UVA": 3,
    "UVB": 9,
    "%": 96,
    "TEMP": 32
  },
  {
    "date": "25.01.2021",
    "ort": "Ludwigshafen",
    "CO": 6,
    "NO2": 7,
    "C2H5OH": 1,
    "H2": 15,
    "NH3": 12,
    "CH4": 15,
    "C3H8": 43,
    "C4H10": 25,
    "LPG": 4,
    "GPL": 11,
    "UVA": 9,
    "UVB": 8,
    "%": 16,
    "TEMP": 27
  },
  {
    "date": "26.01.2021",
    "ort": "Ludwigshafen",
    "CO": 2,
    "NO2": 6,
    "C2H5OH": 1,
    "H2": 7,
    "NH3": 17,
    "CH4": 15,
    "C3H8": 48,
    "C4H10": 23,
    "LPG": 4,
    "GPL": 11,
    "UVA": 9,
    "UVB": 9,
    "%": 34,
    "TEMP": 28
  },
  {
    "date": "27.01.2021",
    "ort": "Neustadt",
    "CO": 4,
    "NO2": 7,
    "C2H5OH": 5,
    "H2": 8,
    "NH3": 16,
    "CH4": 12,
    "C3H8": 40,
    "C4H10": 23,
    "LPG": 3,
    "GPL": 2,
    "UVA": 9,
    "UVB": 7,
    "%": 34,
    "TEMP": 31
  },
  {
    "date": "28.01.2021",
    "ort": "Mannheim",
    "CO": 5,
    "NO2": 9,
    "C2H5OH": 6,
    "H2": 14,
    "NH3": 12,
    "CH4": 10,
    "C3H8": 43,
    "C4H10": 29,
    "LPG": 5,
    "GPL": 11,
    "UVA": 2,
    "UVB": 10,
    "%": 95,
    "TEMP": 30
  },
  {
    "date": "29.01.2021",
    "ort": "Weinheim",
    "CO": 4,
    "NO2": 6,
    "C2H5OH": 2,
    "H2": 8,
    "NH3": 20,
    "CH4": 15,
    "C3H8": 46,
    "C4H10": 23,
    "LPG": 3,
    "GPL": 8,
    "UVA": 5,
    "UVB": 1,
    "%": 31,
    "TEMP": 28
  },
  {
    "date": "30.01.2021",
    "ort": "Ludwigshafen",
    "CO": 6,
    "NO2": 6,
    "C2H5OH": 2,
    "H2": 12,
    "NH3": 17,
    "CH4": 10,
    "C3H8": 46,
    "C4H10": 29,
    "LPG": 3,
    "GPL": 12,
    "UVA": 5,
    "UVB": 5,
    "%": 100,
    "TEMP": 27
  },
  {
    "date": "31.01.2021",
    "ort": "Mannheim",
    "CO": 5,
    "NO2": 7,
    "C2H5OH": 2,
    "H2": 6,
    "NH3": 12,
    "CH4": 14,
    "C3H8": 49,
    "C4H10": 24,
    "LPG": 6,
    "GPL": 4,
    "UVA": 3,
    "UVB": 7,
    "%": 70,
    "TEMP": 29
  },
  {
    "date": "01.02.2021",
    "ort": "Ludwigshafen",
    "CO": 5,
    "NO2": 6,
    "C2H5OH": 6,
    "H2": 15,
    "NH3": 14,
    "CH4": 14,
    "C3H8": 48,
    "C4H10": 29,
    "LPG": 6,
    "GPL": 10,
    "UVA": 1,
    "UVB": 7,
    "%": 77,
    "TEMP": 25
  },
  {
    "date": "02.02.2021",
    "ort": "Ludwigshafen",
    "CO": 2,
    "NO2": 7,
    "C2H5OH": 1,
    "H2": 7,
    "NH3": 20,
    "CH4": 11,
    "C3H8": 46,
    "C4H10": 30,
    "LPG": 8,
    "GPL": 7,
    "UVA": 6,
    "UVB": 7,
    "%": 86,
    "TEMP": 32
  },
  {
    "date": "03.02.2021",
    "ort": "Mannheim",
    "CO": 5,
    "NO2": 8,
    "C2H5OH": 1,
    "H2": 9,
    "NH3": 11,
    "CH4": 10,
    "C3H8": 50,
    "C4H10": 20,
    "LPG": 5,
    "GPL": 0,
    "UVA": 8,
    "UVB": 9,
    "%": 13,
    "TEMP": 25
  },
  {
    "date": "04.02.2021",
    "ort": "Heidelberg",
    "CO": 3,
    "NO2": 6,
    "C2H5OH": 5,
    "H2": 15,
    "NH3": 14,
    "CH4": 10,
    "C3H8": 45,
    "C4H10": 27,
    "LPG": 5,
    "GPL": 5,
    "UVA": 2,
    "UVB": 3,
    "%": 94,
    "TEMP": 25
  },
  {
    "date": "05.02.2021",
    "ort": "Neustadt",
    "CO": 4,
    "NO2": 8,
    "C2H5OH": 3,
    "H2": 6,
    "NH3": 14,
    "CH4": 14,
    "C3H8": 45,
    "C4H10": 21,
    "LPG": 5,
    "GPL": 2,
    "UVA": 6,
    "UVB": 10,
    "%": 47,
    "TEMP": 26
  },
  {
    "date": "06.02.2021",
    "ort": "Weinheim",
    "CO": 2,
    "NO2": 7,
    "C2H5OH": 4,
    "H2": 6,
    "NH3": 17,
    "CH4": 13,
    "C3H8": 47,
    "C4H10": 21,
    "LPG": 4,
    "GPL": 2,
    "UVA": 8,
    "UVB": 1,
    "%": 51,
    "TEMP": 27
  },
  {
    "date": "07.02.2021",
    "ort": "Heidelberg",
    "CO": 6,
    "NO2": 7,
    "C2H5OH": 4,
    "H2": 9,
    "NH3": 11,
    "CH4": 14,
    "C3H8": 48,
    "C4H10": 21,
    "LPG": 2,
    "GPL": 12,
    "UVA": 7,
    "UVB": 9,
    "%": 35,
    "TEMP": 32
  },
  {
    "date": "08.02.2021",
    "ort": "Neustadt",
    "CO": 4,
    "NO2": 8,
    "C2H5OH": 1,
    "H2": 8,
    "NH3": 19,
    "CH4": 14,
    "C3H8": 50,
    "C4H10": 23,
    "LPG": 7,
    "GPL": 8,
    "UVA": 3,
    "UVB": 7,
    "%": 38,
    "TEMP": 25
  },
  {
    "date": "09.02.2021",
    "ort": "Mannheim",
    "CO": 3,
    "NO2": 7,
    "C2H5OH": 5,
    "H2": 9,
    "NH3": 15,
    "CH4": 14,
    "C3H8": 49,
    "C4H10": 29,
    "LPG": 4,
    "GPL": 4,
    "UVA": 7,
    "UVB": 4,
    "%": 31,
    "TEMP": 26
  },
  {
    "date": "10.02.2021",
    "ort": "Heidelberg",
    "CO": 1,
    "NO2": 9,
    "C2H5OH": 5,
    "H2": 7,
    "NH3": 15,
    "CH4": 13,
    "C3H8": 43,
    "C4H10": 24,
    "LPG": 5,
    "GPL": 5,
    "UVA": 3,
    "UVB": 10,
    "%": 97,
    "TEMP": 28
  },
  {
    "date": "11.02.2021",
    "ort": "Weinheim",
    "CO": 3,
    "NO2": 7,
    "C2H5OH": 6,
    "H2": 6,
    "NH3": 15,
    "CH4": 14,
    "C3H8": 50,
    "C4H10": 30,
    "LPG": 7,
    "GPL": 12,
    "UVA": 6,
    "UVB": 5,
    "%": 46,
    "TEMP": 27
  },
  {
    "date": "12.02.2021",
    "ort": "Mannheim",
    "CO": 6,
    "NO2": 9,
    "C2H5OH": 5,
    "H2": 12,
    "NH3": 18,
    "CH4": 10,
    "C3H8": 50,
    "C4H10": 29,
    "LPG": 3,
    "GPL": 4,
    "UVA": 3,
    "UVB": 2,
    "%": 24,
    "TEMP": 31
  },
  {
    "date": "13.02.2021",
    "ort": "Heidelberg",
    "CO": 1,
    "NO2": 9,
    "C2H5OH": 1,
    "H2": 13,
    "NH3": 19,
    "CH4": 13,
    "C3H8": 45,
    "C4H10": 21,
    "LPG": 4,
    "GPL": 9,
    "UVA": 9,
    "UVB": 10,
    "%": 75,
    "TEMP": 28
  },
  {
    "date": "14.02.2021",
    "ort": "Ludwigshafen",
    "CO": 4,
    "NO2": 8,
    "C2H5OH": 4,
    "H2": 6,
    "NH3": 11,
    "CH4": 12,
    "C3H8": 43,
    "C4H10": 20,
    "LPG": 8,
    "GPL": 0,
    "UVA": 9,
    "UVB": 2,
    "%": 96,
    "TEMP": 26
  },
  {
    "date": "15.02.2021",
    "ort": "Ludwigshafen",
    "CO": 3,
    "NO2": 7,
    "C2H5OH": 1,
    "H2": 14,
    "NH3": 13,
    "CH4": 14,
    "C3H8": 49,
    "C4H10": 22,
    "LPG": 4,
    "GPL": 6,
    "UVA": 1,
    "UVB": 9,
    "%": 63,
    "TEMP": 27
  },
  {
    "date": "16.02.2021",
    "ort": "Mannheim",
    "CO": 4,
    "NO2": 8,
    "C2H5OH": 4,
    "H2": 8,
    "NH3": 16,
    "CH4": 15,
    "C3H8": 47,
    "C4H10": 20,
    "LPG": 2,
    "GPL": 10,
    "UVA": 10,
    "UVB": 7,
    "%": 31,
    "TEMP": 26
  },
  {
    "date": "17.02.2021",
    "ort": "Mannheim",
    "CO": 6,
    "NO2": 7,
    "C2H5OH": 1,
    "H2": 8,
    "NH3": 16,
    "CH4": 13,
    "C3H8": 43,
    "C4H10": 22,
    "LPG": 3,
    "GPL": 11,
    "UVA": 6,
    "UVB": 3,
    "%": 16,
    "TEMP": 28
  },
  {
    "date": "18.02.2021",
    "ort": "Mannheim",
    "CO": 4,
    "NO2": 8,
    "C2H5OH": 4,
    "H2": 8,
    "NH3": 18,
    "CH4": 12,
    "C3H8": 48,
    "C4H10": 26,
    "LPG": 1,
    "GPL": 1,
    "UVA": 8,
    "UVB": 6,
    "%": 61,
    "TEMP": 32
  },
  {
    "date": "19.02.2021",
    "ort": "Ludwigshafen",
    "CO": 2,
    "NO2": 7,
    "C2H5OH": 1,
    "H2": 15,
    "NH3": 16,
    "CH4": 11,
    "C3H8": 48,
    "C4H10": 30,
    "LPG": 5,
    "GPL": 11,
    "UVA": 6,
    "UVB": 10,
    "%": 75,
    "TEMP": 25
  },
  {
    "date": "20.02.2021",
    "ort": "Ludwigshafen",
    "CO": 4,
    "NO2": 7,
    "C2H5OH": 6,
    "H2": 6,
    "NH3": 19,
    "CH4": 12,
    "C3H8": 43,
    "C4H10": 29,
    "LPG": 4,
    "GPL": 9,
    "UVA": 6,
    "UVB": 10,
    "%": 69,
    "TEMP": 30
  }
]