[
  {
    "date": "01.01.2024",
    "ort": "Ludwigshafen",
    "CO": 5,
    "LPG": 3,
    "UVA": 7,
    "UVB": 1,
    "%": 60,
    "TEMP": 15
  },
  {
    "date": "02.01.2024",
    "ort": "Ludwigshafen",
    "CO": 1,
    "LPG": 6,
    "UVA": 10,
    "UVB": 2,
    "%": 98,
    "TEMP": 10
  },
  {
    "date": "03.01.2024",
    "ort": "Weinheim",
    "CO": 3,
    "LPG": 7,
    "UVA": 7,
    "UVB": 2,
    "%": 19,
    "TEMP": 15
  },
  {
    "date": "04.01.2024",
    "ort": "Mannheim",
    "CO": 6,
    "LPG": 4,
    "UVA": 6,
    "UVB": 5,
    "%": 100,
    "TEMP": 18
  },
  {
    "date": "05.01.2024",
    "ort": "Weinheim",
    "CO": 5,
    "LPG": 1,
    "UVA": 6,
    "UVB": 3,
    "%": 80,
    "TEMP": 12
  },
  {
    "date": "06.01.2024",
    "ort": "Weinheim",
    "CO": 1,
    "LPG": 5,
    "UVA": 6,
    "UVB": 9,
    "%": 43,
    "TEMP": 14
  },
  {
    "date": "07.01.2024",
    "ort": "Mannheim",
    "CO": 4,
    "LPG": 5,
    "UVA": 10,
    "UVB": 10,
    "%": 53,
    "TEMP": 11
  },
  {
    "date": "08.01.2024",
    "ort": "Neustadt",
    "CO": 6,
    "LPG": 2,
    "UVA": 4,
    "UVB": 6,
    "%": 38,
    "TEMP": 7
  },
  {
    "date": "09.01.2024",
    "ort": "Weinheim",
    "CO": 5,
    "LPG": 8,
    "UVA": 1,
    "UVB": 7,
    "%": 43,
    "TEMP": 15
  },
  {
    "date": "10.01.2024",
    "ort": "Ludwigshafen",
    "CO": 1,
    "LPG": 1,
    "UVA": 1,
    "UVB": 5,
    "%": 23,
    "TEMP": 12
  },
  {
    "date": "11.01.2024",
    "ort": "Weinheim",
    "CO": 1,
    "LPG": 5,
    "UVA": 5,
    "UVB": 7,
    "%": 57,
    "TEMP": 17
  },
  {
    "date": "12.01.2024",
    "ort": "Heidelberg",
    "CO": 5,
    "LPG": 7,
    "UVA": 2,
    "UVB": 3,
    "%": 84,
    "TEMP": 17
  },
  {
    "date": "13.01.2024",
    "ort": "Heidelberg",
    "CO": 5,
    "LPG": 7,
    "UVA": 6,
    "UVB": 7,
    "%": 19,
    "TEMP": 11
  },
  {
    "date": "14.01.2024",
    "ort": "Mannheim",
    "CO": 5,
    "LPG": 6,
    "UVA": 3,
    "UVB": 7,
    "%": 44,
    "TEMP": 10
  },
  {
    "date": "15.01.2024",
    "ort": "Ludwigshafen",
    "CO": 6,
    "LPG": 2,
    "UVA": 9,
    "UVB": 10,
    "%": 21,
    "TEMP": 19
  },
  {
    "date": "16.01.2024",
    "ort": "Heidelberg",
    "CO": 2,
    "LPG": 8,
    "UVA": 7,
    "UVB": 10,
    "%": 93,
    "TEMP": 16
  },
  {
    "date": "17.01.2024",
    "ort": "Weinheim",
    "CO": 2,
    "LPG": 2,
    "UVA": 8,
    "UVB": 4,
    "%": 26,
    "TEMP": 10
  },
  {
    "date": "18.01.2024",
    "ort": "Weinheim",
    "CO": 5,
    "LPG": 4,
    "UVA": 3,
    "UVB": 8,
    "%": 88,
    "TEMP": 12
  },
  {
    "date": "19.01.2024",
    "ort": "Heidelberg",
    "CO": 1,
    "LPG": 4,
    "UVA": 8,
    "UVB": 9,
    "%": 13,
    "TEMP": 19
  },
  {
    "date": "20.01.2024",
    "ort": "Ludwigshafen",
    "CO": 4,
    "LPG": 1,
    "UVA": 8,
    "UVB": 4,
    "%": 30,
    "TEMP": 15
  },
  {
    "date": "21.01.2024",
    "ort": "Weinheim",
    "CO": 1,
    "LPG": 3,
    "UVA": 4,
    "UVB": 10,
    "%": 36,
    "TEMP": 8
  },
  {
    "date": "22.01.2024",
    "ort": "Weinheim",
    "CO": 5,
    "LPG": 8,
    "UVA": 5,
    "UVB": 9,
    "%": 29,
    "TEMP": 14
  },
  {
    "date": "23.01.2024",
    "ort": "Weinheim",
    "CO": 4,
    "LPG": 5,
    "UVA": 8,
    "UVB": 6,
    "%": 84,
    "TEMP": 15
  },
  {
    "date": "24.01.2024",
    "ort": "Neustadt",
    "CO": 5,
    "LPG": 2,
    "UVA": 6,
    "UVB": 3,
    "%": 91,
    "TEMP": 9
  },
  {
    "date": "25.01.2024",
    "ort": "Mannheim",
    "CO": 3,
    "LPG": 8,
    "UVA": 5,
    "UVB": 10,
    "%": 67,
    "TEMP": 5
  },
  {
    "date": "26.01.2024",
    "ort": "Neustadt",
    "CO": 2,
    "LPG": 6,
    "UVA": 8,
    "UVB": 1,
    "%": 58,
    "TEMP": 12
  },
  {
    "date": "27.01.2024",
    "ort": "Weinheim",
    "CO": 4,
    "LPG": 3,
    "UVA": 1,
    "UVB": 3,
    "%": 75,
    "TEMP": 16
  },
  {
    "date": "28.01.2024",
    "ort": "Ludwigshafen",
    "CO": 4,
    "LPG": 2,
    "UVA": 7,
    "UVB": 8,
    "%": 12,
    "TEMP": 20
  },
  {
    "date": "29.01.2024",
    "ort": "Mannheim",
    "CO": 3,
    "LPG": 5,
    "UVA": 9,
    "UVB": 7,
    "%": 48,
    "TEMP": 12
  },
  {
    "date": "30.01.2024",
    "ort": "Ludwigshafen",
    "CO": 6,
    "LPG": 2,
    "UVA": 4,
    "UVB": 3,
    "%": 49,
    "TEMP": 12
  }
]